,causal,causal,noncausal,noncausal,total,total,symmetry,symmetry
,train,validation,train,validation,train,validation,train,validation
0,1.0,1.0,0.0,0.0,0.5,0.5,0.500239607872459,0.500318709933798
1,0.975,0.975,0.003125,0.0125,0.4890625,0.49375,0.5031533608548736,0.5013969751116317
2,0.80625,0.825,0.078125,0.1,0.4421875,0.4625,0.5073342192880156,0.5037096658024854
3,0.1,0.175,0.85625,0.9375,0.478125,0.55625,0.5021550908425512,0.4932980924511633
4,0.978125,0.95,0.01875,0.025,0.4984375,0.4875,0.5083974964967294,0.5015695945961178
5,0.978125,0.9625,0.015625,0.0375,0.496875,0.5,0.5067423501940078,0.4948257408466997
6,0.603125,0.6625,0.3,0.3125,0.4515625,0.4875,0.5137320698553369,0.49229178947192
7,0.86875,0.9125,0.084375,0.0875,0.4765625,0.5,0.5128924877220875,0.4943513155079927
8,0.890625,0.9125,0.0625,0.0875,0.4765625,0.5,0.5172340257943064,0.49639445797380777
9,0.790625,0.85,0.14375,0.1625,0.4671875,0.50625,0.5165010545983377,0.4867666667279482
10,0.628125,0.7,0.309375,0.4,0.46875,0.55,0.5132076668034148,0.47784304887368795
