,causal,causal,noncausal,noncausal,total,total,symmetry,symmetry
,train,validation,train,validation,train,validation,train,validation
0,0.0,0.0,1.0,1.0,0.5,0.5,0.49860880874893965,0.4981035864202127
1,0.0625,0.0625,0.934375,0.9125,0.4984375,0.4875,0.5007939101348283,0.5007192686669183
2,0.265625,0.2,0.746875,0.725,0.50625,0.4625,0.500813871516224,0.5007174916462424
3,0.68125,0.6875,0.221875,0.2375,0.4515625,0.4625,0.5009099336663044,0.5008280152794585
4,0.884375,0.9125,0.04375,0.0625,0.4640625,0.4875,0.5010649657143145,0.5009489820832285
5,0.94375,0.975,0.034375,0.05,0.4890625,0.5125,0.5010393142319489,0.5010027888448036
6,0.88125,0.9125,0.05,0.05,0.465625,0.48125,0.5011059008974882,0.500948711547505
7,0.909375,0.9375,0.053125,0.05,0.48125,0.49375,0.5009425943603294,0.5007199576571504
8,0.89375,0.9,0.0625,0.0375,0.478125,0.46875,0.5009682024652233,0.5009548637797815
9,0.865625,0.8875,0.071875,0.05,0.46875,0.46875,0.5010294804039278,0.5010354459034179
10,0.875,0.8875,0.08125,0.0375,0.478125,0.4625,0.5009387517343364,0.5009793437483726
