,causal,causal,noncausal,noncausal,total,total,symmetry,symmetry
,train,validation,train,validation,train,validation,train,validation
0,0.0,0.0,1.0,1.0,0.5,0.5,0.49951192163774605,0.49940021260179146
1,1.0,1.0,0.0,0.0,0.5,0.5,0.5000490196666416,0.5003137759381163
2,0.996875,0.9875,0.0,0.0,0.4984375,0.49375,0.5000320175046319,0.5002846972444028
3,0.98125,0.975,0.0,0.0,0.490625,0.4875,0.5001946524205767,0.5005892758140028
4,0.903125,0.9375,0.040625,0.0375,0.471875,0.4875,0.5002408235960454,0.5005849165641155
5,0.365625,0.3125,0.60625,0.6,0.4859375,0.45625,0.5004087722828425,0.5007443275876434
6,0.71875,0.6375,0.209375,0.225,0.4640625,0.43125,0.5030452672504356,0.5027985277035146
7,0.71875,0.675,0.225,0.2375,0.471875,0.45625,0.5035705550699509,0.503010400530455
8,0.7375,0.6375,0.15,0.125,0.44375,0.38125,0.5082939306297988,0.5090688185068158
9,0.88125,0.8875,0.03125,0.05,0.45625,0.46875,0.5061617420423955,0.5035040597866773
10,0.878125,0.875,0.05,0.05,0.4640625,0.4625,0.5159516496819659,0.5131971017491529
