,causal,causal,noncausal,noncausal,total,total,symmetry,symmetry
,train,validation,train,validation,train,validation,train,validation
0,0.0,0.0,1.0,1.0,0.5,0.5,0.49901982248377125,0.49904166441233516
1,0.340625,0.3625,0.703125,0.6375,0.521875,0.5,0.49990752753840323,0.5000040777963178
2,0.5125,0.6,0.459375,0.45,0.4859375,0.525,0.5005700236116196,0.5008270180055694
3,0.659375,0.7375,0.296875,0.225,0.478125,0.48125,0.5012401127681084,0.501554951858793
4,0.40625,0.425,0.496875,0.4875,0.4515625,0.45625,0.5018675969841345,0.5022497194734632
5,0.259375,0.2875,0.596875,0.5375,0.428125,0.4125,0.5026734491009304,0.5032712740085226
6,0.259375,0.2375,0.575,0.5375,0.4171875,0.3875,0.5035562640291328,0.5043269920859841
7,0.659375,0.7375,0.178125,0.15,0.41875,0.44375,0.5042002259383868,0.5051509488934419
8,0.590625,0.65,0.18125,0.2,0.3859375,0.425,0.5050134191041514,0.5061043250249981
9,0.284375,0.2625,0.459375,0.4375,0.371875,0.35,0.5055736318592463,0.5068260612579744
10,0.346875,0.3125,0.3625,0.3625,0.3546875,0.3375,0.5062877176644198,0.5077276911542349
