,causal,causal,noncausal,noncausal,total,total,symmetry,symmetry
,train,validation,train,validation,train,validation,train,validation
0,0.00625,0.0125,1.0,1.0,0.503125,0.50625,0.5008090447451122,0.5017198380582675
1,0.98125,0.925,0.01875,0.0125,0.5,0.46875,0.5012061656315618,0.5018730097813362
2,0.746875,0.725,0.121875,0.1375,0.434375,0.43125,0.501902067684421,0.5022854147413922
3,0.85625,0.8,0.06875,0.1,0.4625,0.45,0.5020939571091095,0.502189090980657
4,0.1875,0.2125,0.728125,0.7125,0.4578125,0.4625,0.5019275641932202,0.5020724872530857
5,0.678125,0.725,0.175,0.2125,0.4265625,0.46875,0.502312433385259,0.5019596120701206
6,0.45,0.4375,0.36875,0.425,0.409375,0.43125,0.5022417553775969,0.5017811099577709
7,0.2125,0.2375,0.6375,0.625,0.425,0.43125,0.5024649125575047,0.5020492658869082
8,0.3375,0.3625,0.475,0.5,0.40625,0.43125,0.5025004158537539,0.501886331282311
9,0.74375,0.8,0.140625,0.175,0.4421875,0.4875,0.502396656393781,0.5016317912693284
10,0.871875,0.875,0.059375,0.0875,0.465625,0.48125,0.5025814286056679,0.5017078573671228
