,causal,causal,noncausal,noncausal,total,total,symmetry,symmetry
,train,validation,train,validation,train,validation,train,validation
0,1.0,1.0,0.0,0.0,0.5,0.5,0.49972737492089997,0.49918649169062307
1,0.934375,0.925,0.009375,0.0125,0.471875,0.46875,0.5049857691994941,0.5061591374238784
2,0.0,0.0,0.965625,0.9125,0.4828125,0.45625,0.5064061667055384,0.5074988793438296
3,0.403125,0.375,0.284375,0.3,0.34375,0.3375,0.5072435856253195,0.508414720194341
4,0.4375,0.4375,0.24375,0.2875,0.340625,0.3625,0.5098529135254992,0.5108099100308192
5,0.034375,0.025,0.903125,0.9125,0.46875,0.46875,0.5093934286231104,0.510487235714076
6,0.434375,0.4,0.28125,0.3125,0.3578125,0.35625,0.5131282758205382,0.5139986302428383
7,0.959375,0.9375,0.003125,0.0125,0.48125,0.475,0.5180986649124499,0.518754551174521
8,0.128125,0.1,0.596875,0.6375,0.3625,0.36875,0.5199004976551,0.520983029699569
9,0.721875,0.7,0.103125,0.1,0.4125,0.4,0.5222481756787507,0.5212215458556348
10,0.9625,0.9625,0.003125,0.0125,0.4828125,0.4875,0.5231456025841595,0.5224404094083315
