,causal,causal,noncausal,noncausal,total,total,symmetry,symmetry
,train,validation,train,validation,train,validation,train,validation
0,0.0,0.0,1.0,1.0,0.5,0.5,0.5000974955960762,0.5006461460838278
1,0.996875,0.9875,0.00625,0.0125,0.5015625,0.5,0.4998248339910883,0.49998022837127093
2,1.0,0.9875,0.0,0.0125,0.5,0.5,0.49987841881093276,0.499963545290281
3,1.0,0.9875,0.0,0.0,0.5,0.49375,0.5000691277593077,0.500060352915065
4,0.996875,0.975,0.00625,0.0125,0.5015625,0.49375,0.5002081675170154,0.5001760769203246
5,0.9875,0.975,0.003125,0.0125,0.4953125,0.49375,0.5005269971690722,0.5004453238676135
6,0.965625,0.975,0.015625,0.0125,0.490625,0.49375,0.5007795354323036,0.5006697066075776
7,0.99375,0.975,0.0,0.0125,0.496875,0.49375,0.5009729481834141,0.5008377076927049
8,0.875,0.875,0.084375,0.1,0.4796875,0.4875,0.5011435310173254,0.5011001156206351
9,0.903125,0.9125,0.059375,0.05,0.48125,0.48125,0.5014596812498251,0.5014841108114616
10,0.96875,0.975,0.0125,0.0125,0.490625,0.49375,0.5013365238283626,0.5014112113344007
